JOB TYPE,JOB TITLE,LOCATION,DATE POSTED,JOB DESCRIPTION

Business Development,Client Success Rep,"Cambridge, MA",N/A,N/A

Engineering,Backend Software Engineer (Senior/Principal-level),"Cambridge, MA",N/A,N/A

People Operations,Backend Tech Lead,"Cambridge, MA",N/A,N/A

Product,Full Stack Software Engineer,"Cambridge, MA",N/A,N/A

Team BookBub,Full Stack Software Engineer (Senior/Principal-level),"Cambridge, MA",N/A,N/A

N/A,Full Stack Tech Lead,"Cambridge, MA",N/A,N/A

N/A,Recruiting Coordinator,"Cambridge, MA",N/A,N/A

N/A,Consumer Product Lead,"Cambridge, MA",N/A,N/A

N/A,Growth Product Manager,"Cambridge, MA",N/A,N/A

N/A,Future Employee,"Cambridge, MA",N/A,N/A

End Data Range,11

