JOB TYPE,JOB TITLE,LOCATION,DATE POSTED,JOB DESCRIPTION,JOB DURATION
N/A,MATLAB Student Ambassador,US-MA-Natick,N/A,Gain valuable work experience while spreading awareness of MathWorks products on campus!  MATLAB Student Ambassadors will represent MathWorks on campus and help brand our products to students and faculty.  Come work for a leading s...,N/A
N/A,Modeling Half Precision Algorithms in MATLAB Internship,US-MA-Natick,N/A,Contribute to half-precision(float16) floating-point algorithm development for GPUs and deep learning applications.,N/A
N/A,MATLAB Enterprise Integration Intern,US-MI-Novi,N/A,"Big Data, Database, Cloud, Java",N/A
N/A,Software Performance Engineering Intern,US-MA-Natick,N/A,We are looking for individuals with a lot of energy and enthusiasm for developing their performance engineering and software development skills while helping to measure and improve performance of MATLAB.,N/A
N/A,Robotics Path Planning Development Intern,US-MA-Natick,N/A,"Work on MATLAB and Simulink algorithms for path planning and path following that can be applied to ground robots, autonomous cars, and UAVs. Applications include automated driving, ADAS, and quadcopter navigation.",N/A
N/A,MATLAB Student Ambassador - Carnegie Mellon University,US-MA-Natick,N/A,The MATLAB Student Ambassador position requires a commitment of hours per week.,N/A
N/A,Deep Learning Intern,US-MA-Natick,N/A,Help build and improve connections between MATLAB and other deep learning frameworks.,N/A
N/A,C++ Software Engineering Intern,US-MA-Natick,N/A,This internship role is to work on developing backend infrastructure to store existing data into a graph database. You will work closely with experienced software engineers on technical projects that directly impact the shipping pr...,N/A
N/A,Web Application Engineering Intern,US-MA-Natick,N/A,"Do you want to help build the next generation of MATLAB? We are looking for a motivated, fast-learning candidate with experience in web development and an interest in building coding tools and web services in an HTML front end for ...",N/A
End Data Range,10
