JOB TYPE,JOB TITLE,LOCATION,DATE POSTED,JOB DESCRIPTION
N/A,"Acquisition Marketing Manager
Boston, Massachusetts - Headquarters","Boston, Massachusetts - Headquarters",N/A,N/A
N/A,"Associate Product Manager, Payments
Boston, Massachusetts - Headquarters","Boston, Massachusetts - Headquarters",N/A,N/A
N/A,"BDR Manager
Omaha, Nebraska","Omaha, Nebraska",N/A,N/A
N/A,"BDR Trainer
Omaha, Nebraska","Omaha, Nebraska",N/A,N/A
N/A,"Business Development Representative
Omaha, Nebraska","Omaha, Nebraska",N/A,N/A
N/A,"Business Development Representative
Boston, Massachusetts - Headquarters","Boston, Massachusetts - Headquarters",N/A,N/A
N/A,"Business Intelligence Analyst
Boston, Massachusetts - Headquarters","Boston, Massachusetts - Headquarters",N/A,N/A
N/A,"Business Operations Representative
Boston, Massachusetts - Headquarters","Boston, Massachusetts - Headquarters",N/A,N/A
N/A,"Business Systems Analyst
Boston, Massachusetts - Headquarters","Boston, Massachusetts - Headquarters",N/A,N/A
N/A,"Corporate Development Associate
Boston, Massachusetts - Headquarters","Boston, Massachusetts - Headquarters",N/A,N/A
N/A,"Customer Service Representative
Boston, Massachusetts - Headquarters","Boston, Massachusetts - Headquarters",N/A,N/A
N/A,"Customer Success Business Analyst
Boston, Massachusetts - Headquarters","Boston, Massachusetts - Headquarters",N/A,N/A
N/A,"Customer Success Operations Manager
Boston, Massachusetts - Headquarters","Boston, Massachusetts - Headquarters",N/A,N/A
N/A,"Director of Restaurant Success
Boston, Massachusetts - Headquarters","Boston, Massachusetts - Headquarters",N/A,N/A
N/A,"Director of Website Marketing
Boston, Massachusetts - Headquarters","Boston, Massachusetts - Headquarters",N/A,N/A
N/A,"District Sales Manager
Baltimore, MD","Baltimore, MD",N/A,N/A
N/A,"District Sales Manager
Wilmington, DE","Wilmington, DE",N/A,N/A
N/A,"District Sales Manager
New York City",New York City,N/A,N/A
N/A,"District Sales Manager
Hoboken, NJ","Hoboken, NJ",N/A,N/A
N/A,"District Sales Manager
Queens, NY","Queens, NY",N/A,N/A
N/A,"District Sales Manager
Atlanta, GA","Atlanta, GA",N/A,N/A
N/A,"District Sales Manager
Brooklyn, NY","Brooklyn, NY",N/A,N/A
N/A,"District Sales Manager
Nassau County, NY","Nassau County, NY",N/A,N/A
N/A,"Electrical Engineer
Boston, Massachusetts - Headquarters","Boston, Massachusetts - Headquarters",N/A,N/A
N/A,"Engineering Program Manager
Boston, Massachusetts - Headquarters","Boston, Massachusetts - Headquarters",N/A,N/A
N/A,"Event Marketing Coordinator
Boston, Massachusetts - Headquarters","Boston, Massachusetts - Headquarters",N/A,N/A
N/A,"Field Implementation Engineer Detroit
Remote, Field Position","Remote, Field Position",N/A,N/A
N/A,"Field Implementation Engineer Grand Rapids, MI
Remote, Field Position","Remote, Field Position",N/A,N/A
N/A,"Field Implementation Engineer Minneapolis
Remote, Field Position","Remote, Field Position",N/A,N/A
N/A,"Field Implementation Engineer New Orleans
Remote, Field Position","Remote, Field Position",N/A,N/A
N/A,"Field Implementation Engineer Philadelphia
Remote, Field Position","Remote, Field Position",N/A,N/A
N/A,"Field Implementation Engineer Rhode Island
Remote, Field Position","Remote, Field Position",N/A,N/A
N/A,"Field Implementation Engineer Sacramento
Remote, Field Position","Remote, Field Position",N/A,N/A
N/A,"Field Implementation Engineer US Travel (Salt Lake City)
Remote, Field Position","Remote, Field Position",N/A,N/A
N/A,"FP&A Manager
Boston, Massachusetts - Headquarters","Boston, Massachusetts - Headquarters",N/A,N/A
N/A,"HR Business Partner
Boston, Massachusetts - Headquarters","Boston, Massachusetts - Headquarters",N/A,N/A
N/A,"IT Helpdesk Analyst
Omaha, Nebraska","Omaha, Nebraska",N/A,N/A
N/A,"IT Helpdesk Analyst
Boston, Massachusetts - Headquarters","Boston, Massachusetts - Headquarters",N/A,N/A
N/A,"Junior Staff Accountant
Boston, Massachusetts - Headquarters","Boston, Massachusetts - Headquarters",N/A,N/A
N/A,"Learning Specialist
Omaha, Nebraska","Omaha, Nebraska",N/A,N/A
N/A,"Manager, HR Business Partnerships
Boston, Massachusetts - Headquarters","Boston, Massachusetts - Headquarters",N/A,N/A
N/A,"Mechanical Engineer
Boston, Massachusetts - Headquarters","Boston, Massachusetts - Headquarters",N/A,N/A
N/A,"Mid Market Restaurant Success Manager
Los Angeles Metro",Los Angeles Metro,N/A,N/A
N/A,"NetSuite Administrator
Boston, Massachusetts - Headquarters","Boston, Massachusetts - Headquarters",N/A,N/A
N/A,"Office Experience Coordinator
Omaha, Nebraska","Omaha, Nebraska",N/A,N/A
N/A,"Operations Representative
Waltham - Configuration Center",Waltham - Configuration Center,N/A,N/A
N/A,"Operations Representative
Waltham - Configuration Center",Waltham - Configuration Center,N/A,N/A
N/A,"Performance Engineer
Boston, Massachusetts - Headquarters","Boston, Massachusetts - Headquarters",N/A,N/A
N/A,"Principal Full Stack Engineer
Dublin, Ireland","Dublin, Ireland",N/A,N/A
N/A,"Product Counsel
Omaha, Nebraska","Omaha, Nebraska",N/A,N/A
N/A,"Product Counsel
Boston, Massachusetts - Headquarters","Boston, Massachusetts - Headquarters",N/A,N/A
N/A,"Product Designer - Online Ordering
Boston, Massachusetts - Headquarters","Boston, Massachusetts - Headquarters",N/A,N/A
N/A,"Product Designer (Temporary Position)
Boston, Massachusetts - Headquarters","Boston, Massachusetts - Headquarters",N/A,N/A
N/A,"Product Manager -Customer Experience Transformation
Boston, Massachusetts - Headquarters","Boston, Massachusetts - Headquarters",N/A,N/A
N/A,"Project Coordinator
Boston, Massachusetts - Headquarters","Boston, Massachusetts - Headquarters",N/A,N/A
N/A,"Project Manager
Boston, Massachusetts - Headquarters","Boston, Massachusetts - Headquarters",N/A,N/A
N/A,"QA Engineer
Boston, Massachusetts - Headquarters","Boston, Massachusetts - Headquarters",N/A,N/A
N/A,"Recruiting Lead - G&A
Boston, Massachusetts - Headquarters","Boston, Massachusetts - Headquarters",N/A,N/A
N/A,"Regional Implementation Manager
Houston, TX","Houston, TX",N/A,N/A
N/A,"Remote Implementation Engineer
Omaha, Nebraska","Omaha, Nebraska",N/A,N/A
N/A,"Restaurant Success Manager
San Francisco, CA","San Francisco, CA",N/A,N/A
N/A,"Restaurant Success Manager
New York City",New York City,N/A,N/A
N/A,"Salesforce Administrator
Boston, Massachusetts - Headquarters","Boston, Massachusetts - Headquarters",N/A,N/A
N/A,"Salesforce Administrator
Omaha, Nebraska","Omaha, Nebraska",N/A,N/A
N/A,"Sales Recruiter
Omaha, Nebraska","Omaha, Nebraska",N/A,N/A
N/A,"Sales Recruiter
Boston, Massachusetts - Headquarters","Boston, Massachusetts - Headquarters",N/A,N/A
N/A,"Senior Front End Engineer (BizOps)
Boston, Massachusetts - Headquarters","Boston, Massachusetts - Headquarters",N/A,N/A
N/A,"Senior Front End Engineer (Publishing)
Boston, Massachusetts - Headquarters","Boston, Massachusetts - Headquarters",N/A,N/A
N/A,"Senior Front-End Web Developer
Boston, Massachusetts - Headquarters","Boston, Massachusetts - Headquarters",N/A,N/A
N/A,"Senior Hardware Operations Manager
Waltham - Configuration Center",Waltham - Configuration Center,N/A,N/A
N/A,"Senior Hardware Product Manager
Boston, Massachusetts - Headquarters","Boston, Massachusetts - Headquarters",N/A,N/A
N/A,"Senior Software Engineer (Analytics)
Boston, Massachusetts - Headquarters","Boston, Massachusetts - Headquarters",N/A,N/A
N/A,"Senior Software Engineer (Android Platform)
Boston, Massachusetts - Headquarters","Boston, Massachusetts - Headquarters",N/A,N/A
N/A,"Senior Software Engineer, Consumer Apps
Boston, Massachusetts - Headquarters","Boston, Massachusetts - Headquarters",N/A,N/A
N/A,"Senior Visual Designer
Boston, Massachusetts - Headquarters","Boston, Massachusetts - Headquarters",N/A,N/A
N/A,"Senior Visual Designer - Consumer applications
Boston, Massachusetts - Headquarters","Boston, Massachusetts - Headquarters",N/A,N/A
N/A,"Software Configuration Specialist
Boston, Massachusetts - Headquarters","Boston, Massachusetts - Headquarters",N/A,N/A
N/A,"Software Engineer (Android Platform)
Boston, Massachusetts - Headquarters","Boston, Massachusetts - Headquarters",N/A,N/A
N/A,"Software Engineer II, Cash Management & Payroll
Boston, Massachusetts - Headquarters","Boston, Massachusetts - Headquarters",N/A,N/A
N/A,"Software Engineer, Product Security
Boston, Massachusetts - Headquarters","Boston, Massachusetts - Headquarters",N/A,N/A
N/A,"Software Team Lead, Mobile Consumer Apps
Boston, Massachusetts - Headquarters","Boston, Massachusetts - Headquarters",N/A,N/A
N/A,"Software Team Lead, Online Ordering
Boston, Massachusetts - Headquarters","Boston, Massachusetts - Headquarters",N/A,N/A
N/A,"Solutions Architect
Remote, Field Position","Remote, Field Position",N/A,N/A
N/A,"Sr. Acquisition Marketing Manager
Boston, Massachusetts - Headquarters","Boston, Massachusetts - Headquarters",N/A,N/A
N/A,"Sr. Manager Restaurant Success
Boston, Massachusetts - Headquarters","Boston, Massachusetts - Headquarters",N/A,N/A
N/A,"Staff Software Engineer (Orders)
Boston, Massachusetts - Headquarters","Boston, Massachusetts - Headquarters",N/A,N/A
N/A,"Staff Software Engineer (Payment Acceptance)
Boston, Massachusetts - Headquarters","Boston, Massachusetts - Headquarters",N/A,N/A
N/A,"Strategic Finance Associate
Boston, Massachusetts - Headquarters","Boston, Massachusetts - Headquarters",N/A,N/A
N/A,"Strategic Partnerships, Sr. Manager
Boston, Massachusetts - Headquarters","Boston, Massachusetts - Headquarters",N/A,N/A
N/A,"Technical Escalations Manager
Boston, Massachusetts - Headquarters","Boston, Massachusetts - Headquarters",N/A,N/A
N/A,"Technical Project Manager
Boston, Massachusetts - Headquarters","Boston, Massachusetts - Headquarters",N/A,N/A
N/A,"Technical Recruiter
Boston, Massachusetts - Headquarters","Boston, Massachusetts - Headquarters",N/A,N/A
N/A,"Technical Support Engineer, Dublin
Dublin, Ireland","Dublin, Ireland",N/A,N/A
N/A,"Technical Support Specialist
Omaha, Nebraska","Omaha, Nebraska",N/A,N/A
N/A,"Technical Support Specialist
Boston, Massachusetts - Headquarters","Boston, Massachusetts - Headquarters",N/A,N/A
N/A,"Technical Support Specialist
Portland, OR","Portland, OR",N/A,N/A
N/A,"Territory Account Executive
Edison, NJ","Edison, NJ",N/A,N/A
N/A,"Territory Account Executive
Monroe, NY","Monroe, NY",N/A,N/A
N/A,"Territory Account Executive
White Plains, NY","White Plains, NY",N/A,N/A
N/A,"Territory Account Executive
Nyack, NY","Nyack, NY",N/A,N/A
N/A,"Territory Account Executive
Rockland County, NY","Rockland County, NY",N/A,N/A
N/A,"Territory Account Executive
Anaheim, CA","Anaheim, CA",N/A,N/A
N/A,"Territory Account Executive
Stamford, CT","Stamford, CT",N/A,N/A
N/A,"Territory Account Executive
Raleigh, NC","Raleigh, NC",N/A,N/A
N/A,"Territory Account Executive
Everett, WA","Everett, WA",N/A,N/A
N/A,"Territory Account Executive
East Los Angeles, CA","East Los Angeles, CA",N/A,N/A
N/A,"Territory Account Executive
Napa, California","Napa, California",N/A,N/A
N/A,"Territory Account Executive
Tarrytown, NY","Tarrytown, NY",N/A,N/A
N/A,"Territory Account Executive
Virginia Beach, VA","Virginia Beach, VA",N/A,N/A
N/A,"Territory Account Executive
Minneapolis, MN","Minneapolis, MN",N/A,N/A
N/A,"Territory Account Executive
Fort Lee, NJ","Fort Lee, NJ",N/A,N/A
N/A,"Territory Account Executive
Houston, TX","Houston, TX",N/A,N/A
N/A,"Territory Account Executive
Atlanta, GA","Atlanta, GA",N/A,N/A
N/A,"Territory Account Executive
Portland, ME","Portland, ME",N/A,N/A
N/A,"Territory Account Executive
Lexington, KY","Lexington, KY",N/A,N/A
N/A,"Territory Account Executive
Newark, NJ","Newark, NJ",N/A,N/A
N/A,"Territory Account Executive
San Jose, CA","San Jose, CA",N/A,N/A
N/A,"Territory Account Executive
Columbia, SC","Columbia, SC",N/A,N/A
N/A,"Territory Account Executive
Staten Island, NY","Staten Island, NY",N/A,N/A
N/A,"Territory Account Executive
Yonkers, NY","Yonkers, NY",N/A,N/A
N/A,"Territory Account Executive
Charlotte, NC","Charlotte, NC",N/A,N/A
N/A,"Territory Account Executive
Elizabeth, NJ","Elizabeth, NJ",N/A,N/A
N/A,"Territory Account Executive
Athens, GA","Athens, GA",N/A,N/A
N/A,"Territory Account Executive
Cincinnati, OH","Cincinnati, OH",N/A,N/A
N/A,"Territory Account Executive
Paramus, NJ","Paramus, NJ",N/A,N/A
N/A,"Territory Account Executive
Phoenix, AZ","Phoenix, AZ",N/A,N/A
N/A,"Territory Account Executive
Philadelphia, PA","Philadelphia, PA",N/A,N/A
N/A,"Territory Account Executive
Montgomery County",Montgomery County,N/A,N/A
N/A,"Territory Account Executive- Openings Nationwide
Remote, Field Position","Remote, Field Position",N/A,N/A
N/A,"Toast Payments Analyst
Boston, Massachusetts - Headquarters","Boston, Massachusetts - Headquarters",N/A,N/A
N/A,"Toast Payments Strategy Manager
Boston, Massachusetts - Headquarters","Boston, Massachusetts - Headquarters",N/A,N/A
End Data Range,132
