//static1.squarespace.com/static/56abbf5d8a65e26dbc26ebfc/t/5ad3f864758d46ce6332210c/1535988388115/?format=1500w,Will Ma,1
//static1.squarespace.com/static/56abbf5d8a65e26dbc26ebfc/t/5ad3f864758d46ce6332210c/1535988388115/?format=1500w,Will Ma,2
https://static1.squarespace.com/static/56abbf5d8a65e26dbc26ebfc/t/5af6748303ce64a429b6b4d5/1526101157293/Photo+Apr+10%2C+4+54+19+PM.jpg,Photo Apr 10  4 54 19 PM jpg,3
https://static1.squarespace.com/static/56abbf5d8a65e26dbc26ebfc/t/5b89d897cd836635ed952059/1535760568920/5842fc2fa6515b1e0ad75b36.png,5842fc2fa6515b1e0ad75b36 png,4
https://static1.squarespace.com/static/56abbf5d8a65e26dbc26ebfc/t/5b809f4a8a922d080010e01a/1535156070084/company_logo_symbol.png,company_logo_symbol png,5
https://static1.squarespace.com/static/56abbf5d8a65e26dbc26ebfc/t/5ad42855575d1f10b3fd9f09/1523843732950/et_logo.gif,et_logo gif,6
https://static1.squarespace.com/static/56abbf5d8a65e26dbc26ebfc/t/5ad42855575d1f10b3fd9f0b/1523844196080/brightcove-logo-full+%281%29.png,brightcove logo full  1  png,7
https://static1.squarespace.com/static/56abbf5d8a65e26dbc26ebfc/t/5ad42855575d1f10b3fd9f0d/1523845982875/unnamed.jpg,unnamed jpg,8
https://static1.squarespace.com/static/56abbf5d8a65e26dbc26ebfc/t/5ad42855575d1f10b3fd9f0f/1523846346909/New_Logo.jpg,New_Logo jpg,9
https://pbs.twimg.com/profile_images/1005463337881219072/D2SYNADZ_normal.jpg,None,10
https://pbs.twimg.com/profile_images/1005463337881219072/D2SYNADZ_normal.jpg,None,11
https://pbs.twimg.com/profile_images/1005463337881219072/D2SYNADZ_normal.jpg,None,12
https://static1.squarespace.com/static/56abbf5d8a65e26dbc26ebfc/t/5ad4196d70a6ad118a9f4ce4/1523849588042/color_logo_transparent.png,color_logo_transparent png,13
https://www.google.com//images/branding/googlelogo/1x/googlelogo_white_background_color_272x92dp.png,Google,14
http://books.toscrape.com/media/cache/2c/da/2cdad67c44b002e7ead0cc35693c0e8b.jpg,A Light in the Attic,15
http://books.toscrape.com/media/cache/26/0c/260c6ae16bce31c8f8c95daddd9f4a1c.jpg,Tipping the Velvet,16
http://books.toscrape.com/media/cache/3e/ef/3eef99c9d9adef34639f510662022830.jpg,Soumission,17
http://books.toscrape.com/media/cache/32/51/3251cf3a3412f53f339e42cac2134093.jpg,Sharp Objects,18
http://books.toscrape.com/media/cache/be/a5/bea5697f2534a2f86a3ef27b5a8c12a6.jpg,Sapiens  A Brief History of Humankind,19
http://books.toscrape.com/media/cache/68/33/68339b4c9bc034267e1da611ab3b34f8.jpg,The Requiem Red,20
http://books.toscrape.com/media/cache/92/27/92274a95b7c251fea59a2b8a78275ab4.jpg,The Dirty Little Secrets of Getting Your Dream Job,21
http://books.toscrape.com/media/cache/3d/54/3d54940e57e662c4dd1f3ff00c78cc64.jpg,The Coming Woman  A Novel Based on the Life of the Infamous Feminist  Victoria Woodhull,22
http://books.toscrape.com/media/cache/66/88/66883b91f6804b2323c8369331cb7dd1.jpg,The Boys in the Boat  Nine Americans and Their Epic Quest for Gold at the 1936 Berlin Olympics,23
http://books.toscrape.com/media/cache/58/46/5846057e28022268153beff6d352b06c.jpg,The Black Maria,24
http://books.toscrape.com/media/cache/be/f4/bef44da28c98f905a3ebec0b87be8530.jpg,Starving Hearts  Triangular Trade Trilogy   1 ,25
http://books.toscrape.com/media/cache/10/48/1048f63d3b5061cd2f424d20b3f9b666.jpg,Shakespeare's Sonnets,26
http://books.toscrape.com/media/cache/5b/88/5b88c52633f53cacf162c15f4f823153.jpg,Set Me Free,27
http://books.toscrape.com/media/cache/94/b1/94b1b8b244bce9677c2f29ccc890d4d2.jpg,Scott Pilgrim's Precious Little Life  Scott Pilgrim  1 ,28
http://books.toscrape.com/media/cache/81/c4/81c4a973364e17d01f217e1188253d5e.jpg,Rip it Up and Start Again,29
http://books.toscrape.com/media/cache/54/60/54607fe8945897cdcced0044103b10b6.jpg,Our Band Could Be Your Life  Scenes from the American Indie Underground  1981 1991,30
http://books.toscrape.com/media/cache/55/33/553310a7162dfbc2c6d19a84da0df9e1.jpg,Olio,31
http://books.toscrape.com/media/cache/09/a3/09a3aef48557576e1a85ba7efea8ecb7.jpg,Mesaerion  The Best Science Fiction Stories 1800 1849,32
http://books.toscrape.com/media/cache/0b/bc/0bbcd0a6f4bcd81ccb1049a52736406e.jpg,Libertarianism for Beginners,33
http://books.toscrape.com/media/cache/27/a5/27a53d0bb95bdd88288eaf66c9230d7e.jpg,It's Only the Himalayas,34
https://cdn.pixabay.com/photo/2018/09/03/23/56/sea-3652697__340.jpg,Sea  Water  Quiet  Horizon  Landscape,35
https://cdn.pixabay.com/photo/2018/09/03/23/29/cat-3652662__340.jpg,Cat  Animal  Mammal  Fence  Cat On Fence,36
https://cdn.pixabay.com/photo/2018/09/04/21/25/graffiti-3654806__340.jpg,Graffiti  Robbe  Seal Under Water,37
https://cdn.pixabay.com/photo/2018/09/04/01/34/bridge-3652809__340.jpg,Bridge  Romantic  Idyllic  Bach  Water,38
https://cdn.pixabay.com/photo/2018/08/26/14/06/tit-3632307__340.jpg,Tit  Songbird  Small Bird  Foraging,39
https://cdn.pixabay.com/photo/2018/09/04/23/23/graffiti-3655041__340.jpg,Graffiti  Poster  Adbusting Those Are,40
https://cdn.pixabay.com/photo/2018/08/21/23/29/fog-3622519__340.jpg,Fog  Coniferous Forest  Spruce  Forest,41
https://cdn.pixabay.com/photo/2018/09/04/18/52/hedgehog-3654434__340.jpg,Hedgehog  Spur  Hannah  Foraging,42
https://cdn.pixabay.com/photo/2018/09/03/23/32/thistle-3652671__340.jpg,Thistle  Plant  Nature  Sting  Prickly,43
https://cdn.pixabay.com/photo/2018/09/05/18/03/hedgehog-3656744__340.jpg,Hedgehog  Spur  Hannah  Foraging,44
https://cdn.pixabay.com/photo/2018/09/02/20/20/flamingos-3649767__340.jpg,Flamingos  Bird  Pink  Beak  Birds  Wild,45
https://cdn.pixabay.com/photo/2018/09/04/01/35/coins-3652814__340.jpg,Coins  Money  Currency  Euro  Specie,46
https://cdn.pixabay.com/photo/2018/08/26/13/56/duck-3632269__340.jpg,Duck  Drake  Mallard  Bill  Duck Bird,47
https://cdn.pixabay.com/photo/2018/08/30/10/31/plum-cake-3641851__340.jpg,Plum Cake  Plums  Streusel Cake  Cake,48
https://cdn.pixabay.com/photo/2018/08/31/19/16/fan-3645379__340.jpg,Fan  Cooling  Propeller  Cooler  Turn,49
https://cdn.pixabay.com/photo/2018/09/04/01/37/coffee-beans-3652821__340.jpg,Coffee Beans  Coffee  Glass  Caffeine,50
https://pixabay.com/en/photos/?order=popular/static/img/blank.gif,Plum Cake  Plums  Streusel Cake  Cake,51
https://pixabay.com/en/photos/?order=popular/static/img/blank.gif,Thunderstorm  Flashes  Flash  Weather,52
https://pixabay.com/en/photos/?order=popular/static/img/blank.gif,Ara  Parrot  Yellow Macaw  Bird  Animal,53
https://pixabay.com/en/photos/?order=popular/static/img/blank.gif,Ring Necked Parakeet  Parrot  Bird,54
https://pixabay.com/en/photos/?order=popular/static/img/blank.gif,Plums  Half Fruit  Fruit  Fruits  Ripe,55
https://pixabay.com/en/photos/?order=popular/static/img/blank.gif,Kermit  Cup  Drink Coffee  Break,56
https://pixabay.com/en/photos/?order=popular/static/img/blank.gif,Glass 3000  Coupe  V8  Auto  Automotive,57
https://pixabay.com/en/photos/?order=popular/static/img/blank.gif,Grapes  Fruit  Ripe  Sweet  Vine,58
https://pixabay.com/en/photos/?order=popular/static/img/blank.gif,Dahlia  Bee  Sprinkle  Dahlias Bud,59
https://pixabay.com/en/photos/?order=popular/static/img/blank.gif,Outlook  View  Nature  Landscape  Sky,60
https://pixabay.com/en/photos/?order=popular/static/img/blank.gif,Mushroom  Mushrooms  Sponge,61
https://pixabay.com/en/photos/?order=popular/static/img/blank.gif,Horse  Animal  Mammal  Head  Face  Mane,62
https://pixabay.com/en/photos/?order=popular/static/img/blank.gif,Motor Scooter  Vespa  Jewel,63
https://pixabay.com/en/photos/?order=popular/static/img/blank.gif,Sunset  Architecture  Building  Greece,64
https://pixabay.com/en/photos/?order=popular/static/img/blank.gif,Burrowing  Owl  Little Owl  Bird  Animal,65
https://pixabay.com/en/photos/?order=popular/static/img/blank.gif,Dough  Cake Mix  Bowl  Plums  Flour,66
https://pixabay.com/en/photos/?order=popular/static/img/blank.gif,Night  Photographer  Silhouette  Design,67
https://pixabay.com/en/photos/?order=popular/static/img/blank.gif,Rose  Flower  Leaves  Stem  Bud  Thorn,68
https://pixabay.com/en/photos/?order=popular/static/img/blank.gif,Pug  Dog  Small  Pet  Lap Dog,69
https://pixabay.com/en/photos/?order=popular/static/img/blank.gif,Hydrangea  Flowers  Flower  Nature,70
https://pixabay.com/en/photos/?order=popular/static/img/blank.gif,Flowers  Frangipani  White,71
https://pixabay.com/en/photos/?order=popular/static/img/blank.gif,Gladiolus  Gladidus,72
https://pixabay.com/en/photos/?order=popular/static/img/blank.gif,Paprika  Pods  Colorful  Fiery  Sharp,73
https://pixabay.com/en/photos/?order=popular/static/img/blank.gif,Horse  Animal  Rider  Horseback  Road,74
https://pixabay.com/en/photos/?order=popular/static/img/blank.gif,Peacock Feathers  Feather  Color,75
https://pixabay.com/en/photos/?order=popular/static/img/blank.gif,Cafe  Architecture  Building  Greece,76
https://pixabay.com/en/photos/?order=popular/static/img/blank.gif,Love  Design  Romantic  Feelings,77
https://pixabay.com/en/photos/?order=popular/static/img/blank.gif,Eat  Food  Fruit  Healthy  Vegetarian,78
https://pixabay.com/en/photos/?order=popular/static/img/blank.gif,Sunflower  Flower  Blossom  Bloom,79
https://pixabay.com/en/photos/?order=popular/static/img/blank.gif,White Ling  Butterfly  Insect,80
https://pixabay.com/en/photos/?order=popular/static/img/blank.gif,Sunflower  Flower  Blossom  Bloom,81
https://pixabay.com/en/photos/?order=popular/static/img/blank.gif,Three Zinnen  Dolomites  Landscape,82
https://pixabay.com/en/photos/?order=popular/static/img/blank.gif,Mushroom  Mushrooms  Sponge,83
https://pixabay.com/en/photos/?order=popular/static/img/blank.gif,Goose  Greylag Goose  Wild Goose,84
https://pixabay.com/en/photos/?order=popular/static/img/blank.gif,Pug  Dog  Small  Pet  Lap Dog,85
https://pixabay.com/en/photos/?order=popular/static/img/blank.gif,Grapes  Vine  Grapevine  Ripe,86
https://pixabay.com/en/photos/?order=popular/static/img/blank.gif,Sunflowers  Field  Woman  Yellow  Summer,87
https://pixabay.com/en/photos/?order=popular/static/img/blank.gif,Boy  Girl  Brother  Sister  Family  Kids,88
https://pixabay.com/en/photos/?order=popular/static/img/blank.gif,Nature  Landscape  Mountains  Sky,89
https://pixabay.com/en/photos/?order=popular/static/img/blank.gif,Landscape  Burgruine  Masonry  Viewpoint,90
https://pixabay.com/en/photos/?order=popular/static/img/blank.gif,Kennedy  Stone  Nature  Landscape,91
https://pixabay.com/en/photos/?order=popular/static/img/blank.gif,Graffiti  Alice In Wonderland  Art,92
https://pixabay.com/en/photos/?order=popular/static/img/blank.gif,Castle  Monreal  Rhineland Palatinate,93
https://pixabay.com/en/photos/?order=popular/static/img/blank.gif,Barn Owl  Owl  Raptor  Bird  Plumage,94
https://pixabay.com/en/photos/?order=popular/static/img/blank.gif,Tea Lights  Candles  Candlelight  Faith,95
https://pixabay.com/en/photos/?order=popular/static/img/blank.gif,Goose  View  Skeptical  Greylag Goose,96
https://pixabay.com/en/photos/?order=popular/static/img/blank.gif,Electric Cables  Electrification Of,97
https://pixabay.com/en/photos/?order=popular/static/img/blank.gif,Flower  Anemone  Insect  Petals  Summer,98
https://pixabay.com/en/photos/?order=popular/static/img/blank.gif,Channel  Boats  Landscape  Beauty,99
https://pixabay.com/en/photos/?order=popular/static/img/blank.gif,Baboon  Monkey  Figure  Animals,100
https://pixabay.com/en/photos/?order=popular/static/img/blank.gif,Duck  Drake  Water Bird  Duck Bird,101
https://pixabay.com/en/photos/?order=popular/static/img/blank.gif,Coneflower  Blossom  Bloom  Flower,102
https://pixabay.com/en/photos/?order=popular/static/img/blank.gif,Agriculture  Landscape  Field  Rural,103
https://pixabay.com/en/photos/?order=popular/static/img/blank.gif,Fantasy  Background Image  Arch,104
https://pixabay.com/en/photos/?order=popular/static/img/blank.gif,Mountains  Landscape  Alpine  Tops,105
https://pixabay.com/en/photos/?order=popular/static/img/blank.gif,Hintersee  Bergsee  Mountains  Ramsau,106
https://pixabay.com/en/photos/?order=popular/static/img/blank.gif,Mushroom  Mushrooms  Sponge,107
https://pixabay.com/en/photos/?order=popular/static/img/blank.gif,Apple  Fruit  Green  Ripe  Vitamins,108
https://pixabay.com/en/photos/?order=popular/static/img/blank.gif,Nature  Lake  Almsee  Clouds  Trees,109
https://pixabay.com/en/photos/?order=popular/static/img/blank.gif,Coffee Cup  Porcelain  Cup  Coffee Beans,110
https://pixabay.com/en/photos/?order=popular/static/img/blank.gif,Plums  Fruit  Fruits  Ripe  Violet  Food,111
https://pixabay.com/en/photos/?order=popular/static/img/blank.gif,Houses  Building  Historically  City,112
https://pixabay.com/en/photos/?order=popular/static/img/blank.gif,Lily  Plant  Blossom  Bloom  Flower,113
https://pixabay.com/en/photos/?order=popular/static/img/blank.gif,Ocean  Starry Sky  Milky Way  Rest,114
https://pixabay.com/en/photos/?order=popular/static/img/blank.gif,Castle  Historically  City  Heidelberg,115
https://pixabay.com/en/photos/?order=popular/static/img/blank.gif,Flower  Rose  Petals  Orange  Macro,116
https://pixabay.com/en/photos/?order=popular/static/img/blank.gif,Water Lily  White  Nature  Blossom,117
https://pixabay.com/en/photos/?order=popular/static/img/blank.gif,Pug  Dog  Small  Pet  Lap Dog,118
https://pixabay.com/en/photos/?order=popular/static/img/blank.gif,Sunflower  Helianthus  Flower  Faded,119
https://pixabay.com/en/photos/?order=popular/static/img/blank.gif,Weather  Rain  Beer Garden  Wet  Water,120
https://pixabay.com/en/photos/?order=popular/static/img/blank.gif,Landscape  Mountains  View  Valais,121
https://pixabay.com/en/photos/?order=popular/static/img/blank.gif,Coneflower  Blossom  Bloom  Yellow,122
https://pixabay.com/en/photos/?order=popular/static/img/blank.gif,Silhouette  Dancer  Design  Dance,123
https://pixabay.com/en/photos/?order=popular/static/img/blank.gif,Sunset  Nature  Sunrise  Landscape  Sky,124
https://pixabay.com/en/photos/?order=popular/static/img/blank.gif,Lion  Predator  Dangerous  Mane  Big Cat,125
https://pixabay.com/en/photos/?order=popular/static/img/blank.gif,Woman  Man  Friends  Two People,126
https://pixabay.com/en/photos/?order=popular/static/img/blank.gif,Image Manipulation  Landscape  Clouds,127
https://pixabay.com/en/photos/?order=popular/static/img/blank.gif,Sunflower  Blue Sky  House  Summer,128
https://pixabay.com/en/photos/?order=popular/static/img/blank.gif,Monster  Stuffed Animal  Funny  Plush,129
https://pixabay.com/en/photos/?order=popular/static/img/blank.gif,Channel  Landscape  Green  Water,130
https://pixabay.com/en/photos/?order=popular/static/img/blank.gif,Rose Hip  Bush  Rosebush  Red  Nature,131
https://pixabay.com/en/photos/?order=popular/static/img/blank.gif,Peacock Butterfly  Insect  Animal  Wing,132
https://pixabay.com/en/photos/?order=popular/static/img/blank.gif,Woman  People  Two  Two Ladies  Sitting,133
https://pixabay.com/en/photos/?order=popular/static/img/blank.gif,Hedgehog Child  Hedgehog  Young Hedgehog,134
End Data Range,135
